Test,Reference
1001,1019
1001,1022
1001,1034
1001,1040
1001,1091
1001,1123
1001,19
1001,269
1001,315
1001,390
1001,399
1001,451
1001,660
1001,889
1001,996
1006,625
1006,702
1008,128
1008,573
1008,574
1009,1061
1009,714
1028,13
1028,134
1028,410
1028,416
1029,1032
1029,1036
1029,1399
1029,407
1029,615
1029,908
1029,990
1032,1029
1032,1036
1032,1399
1032,407
1032,615
1032,908
1032,990
1036,1029
1036,1032
1036,1399
1036,407
1036,615
1036,908
1036,990
1040,1034
1048,497
1048,803
1050,1051
1050,473
1050,503
1050,930
1051,503
1053,52
1064,281
1070,1028
1070,1085
1070,13
1070,134
1070,160
1070,168
1070,234
1070,244
1070,249
1070,257
1070,265
1070,410
1070,416
1070,42
1070,56
1070,92
1072,1022
1072,294
1072,315
1072,435
1084,1014
1084,114
1084,1162
1084,132
1084,1387
1084,164
1084,345
1084,393
1084,440
1084,655
1085,1028
1085,1070
1085,13
1085,134
1085,160
1085,168
1085,234
1085,244
1085,249
1085,257
1085,265
1085,410
1085,416
1085,42
1085,56
1085,92
1092,1081
1092,109
1092,1137
1092,1383
1092,334
1092,420
1092,459
1092,640
1092,712
1092,734
1092,833
1092,880
1092,926
1092,941
1098,999
1105,1121
1105,881
1105,943
1121,1105
1121,881
1121,943
1123,269
1123,996
1163,1019
1163,102
1163,1034
1163,1040
1163,1089
1163,111
1163,1123
1163,1131
1163,125
1163,1371
1163,1384
1163,159
1163,195
1163,198
1163,250
1163,254
1163,269
1163,30
1163,352
1163,452
1163,460
1163,461
1163,494
1163,525
1163,538
1163,545
1163,60
1163,660
1163,685
1163,705
1163,731
1163,749
1163,822
1163,844
1163,867
1163,886
1163,915
1163,996
1175,1231
1175,1245
1175,1251
1175,1303
1175,1306
1175,1307
1175,1313
1196,1188
1196,1197
1197,1188
1197,1196
1201,1188
1201,1204
1201,1345
1202,1188
1202,1196
1202,1197
1202,1201
1202,1204
1202,1213
1202,1216
1202,1219
1202,1227
1202,1345
1202,643
1203,1277
1203,1318
1204,1188
1204,1201
1204,1345
1205,1175
1205,1188
1205,1196
1205,1197
1205,1201
1205,1202
1205,1203
1205,1204
1205,1209
1205,1213
1205,1216
1205,1219
1205,1227
1205,1231
1205,1233
1205,1238
1205,1245
1205,1251
1205,1252
1205,1254
1205,1268
1205,1269
1205,1273
1205,1277
1205,1284
1205,1285
1205,1287
1205,1288
1205,1295
1205,1296
1205,1299
1205,1303
1205,1306
1205,1307
1205,1313
1205,1316
1205,1317
1205,1318
1205,1325
1205,1336
1205,1338
1205,1344
1205,1345
1205,1346
1205,1349
1205,1351
1205,1353
1205,304
1205,410
1205,579
1205,643
1205,896
1205,972
1209,1233
1213,1188
1213,1196
1213,1197
1213,1201
1213,1202
1213,1204
1213,1216
1213,1219
1213,1227
1213,1345
1213,643
1216,1188
1216,1196
1216,1197
1216,1201
1216,1202
1216,1204
1216,1213
1216,1219
1216,1227
1216,1345
1216,643
1219,1188
1219,1196
1219,1197
1219,1201
1219,1202
1219,1204
1219,1213
1219,1216
1219,1227
1219,1345
1219,643
1225,1081
1227,1188
1227,1196
1227,1197
1227,1201
1227,1202
1227,1204
1227,1213
1227,1216
1227,1219
1227,1345
1227,643
1231,1175
1231,1245
1231,1251
1231,1303
1231,1306
1231,1307
1231,1313
1233,1209
1245,1251
1245,1303
1245,1306
1245,1307
1245,1313
125,102
125,1123
125,1131
125,269
125,915
125,996
1251,1245
1251,1303
1251,1306
1251,1307
1251,1313
1252,1175
1252,1188
1252,1196
1252,1197
1252,1201
1252,1202
1252,1203
1252,1204
1252,1205
1252,1209
1252,1213
1252,1216
1252,1219
1252,1227
1252,1231
1252,1233
1252,1238
1252,1245
1252,1251
1252,1254
1252,1268
1252,1269
1252,1273
1252,1277
1252,1284
1252,1285
1252,1287
1252,1288
1252,1295
1252,1296
1252,1299
1252,1303
1252,1306
1252,1307
1252,1313
1252,1316
1252,1317
1252,1318
1252,1325
1252,1336
1252,1338
1252,1344
1252,1345
1252,1346
1252,1349
1252,1351
1252,1353
1252,304
1252,410
1252,579
1252,643
1252,896
1252,972
1254,1209
1254,1233
1254,1269
1254,1273
1254,1284
1254,1287
1254,1295
1254,1325
1254,1336
1254,1338
1254,1346
1269,1209
1269,1233
1269,1254
1269,1273
1269,1284
1269,1287
1269,1295
1269,1325
1269,1336
1269,1338
1269,1346
1273,1209
1273,1233
1273,1254
1273,1269
1273,1284
1273,1287
1273,1295
1273,1325
1273,1336
1273,1338
1273,1346
1277,1203
1277,1318
1284,1209
1284,1233
1284,1254
1284,1269
1284,1273
1284,1287
1284,1295
1284,1325
1284,1336
1284,1338
1284,1346
1287,1209
1287,1233
1287,1254
1287,1269
1287,1273
1287,1284
1287,1295
1287,1325
1287,1336
1287,1338
1287,1346
1288,1285
1288,1345
1295,1209
1295,1233
1295,1254
1295,1269
1295,1273
1295,1284
1295,1287
1295,1325
1295,1336
1295,1338
1295,1346
1296,1285
1296,1288
1296,1344
1296,1345
1299,1203
1299,1238
1299,1277
1299,1316
1299,1318
1303,1245
1303,1251
1303,1306
1303,1307
1303,1313
1306,1245
1306,1251
1306,1303
1306,1307
1306,1313
1307,1245
1307,1251
1307,1303
1307,1306
1307,1313
1313,1245
1313,1251
1313,1303
1313,1306
1313,1307
1316,1203
1316,1238
1316,1277
1316,1299
1316,1318
1318,1203
1318,1277
1328,45
1336,1209
1336,1233
1338,1209
1338,1233
1338,1254
1338,1269
1338,1273
1338,1284
1338,1287
1338,1295
1338,1325
1338,1336
1338,1346
1344,1345
1346,1209
1346,1233
1346,1254
1346,1269
1346,1273
1346,1284
1346,1287
1346,1295
1346,1325
1346,1336
1346,1338
1349,1203
1349,1277
1349,1318
1371,1019
1371,1089
1371,1123
1371,195
1371,269
1371,352
1371,452
1371,525
1371,545
1371,660
1371,685
1371,705
1371,731
1371,749
1371,915
1371,996
1383,109
1393,423
153,130
159,1123
159,269
159,461
159,844
159,867
159,886
159,996
161,399
168,160
172,1001
172,1019
172,102
172,1022
172,1034
172,1040
172,1089
172,1091
172,1123
172,1131
172,125
172,1360
172,1371
172,145
172,19
172,195
172,269
172,315
172,352
172,390
172,397
172,398
172,399
172,409
172,417
172,433
172,447
172,451
172,452
172,525
172,545
172,564
172,581
172,593
172,660
172,685
172,705
172,731
172,749
172,79
172,822
172,861
172,87
172,889
172,915
172,96
172,994
172,996
187,1060
190,1028
190,1070
190,1085
190,1164
190,13
190,134
190,160
190,168
190,234
190,244
190,249
190,257
190,265
190,410
190,416
190,42
190,56
190,92
195,1089
195,525
195,685
195,705
195,731
195,749
200,1051
200,202
200,31
200,401
200,477
200,50
200,503
200,685
200,705
200,731
200,749
200,901
206,216
214,293
216,206
24,31
24,50
244,160
245,1014
245,206
245,216
245,938
269,1123
269,996
28,38
28,592
28,71
28,761
288,1022
288,1072
288,1123
288,19
288,269
288,294
288,30
288,315
288,435
288,461
288,494
288,60
288,996
294,1022
294,1072
294,315
294,435
31,50
324,706
324,728
324,777
334,640
334,712
352,685
352,705
352,731
352,749
358,389
358,617
358,766
358,943
363,324
363,706
363,728
363,777
366,350
367,655
38,592
38,71
38,761
385,414
389,358
389,617
389,766
389,943
394,116
394,124
394,193
394,618
394,651
394,671
394,699
394,798
394,828
397,390
397,398
397,399
397,409
398,399
404,414
407,669
407,717
408,1014
408,1393
408,423
409,390
409,397
409,398
409,399
414,404
416,410
42,92
423,1393
454,589
454,994
460,1131
469,570
473,1050
473,1051
473,503
473,930
477,1051
477,31
477,50
477,503
488,485
489,24
489,31
489,499
489,50
490,908
490,937
490,965
490,970
491,929
499,24
499,31
499,489
499,50
50,31
503,1051
525,1089
525,195
525,685
525,705
525,731
525,749
526,143
526,148
526,234
545,1089
545,195
545,352
545,525
545,685
545,705
545,731
545,749
564,581
570,469
573,1008
573,128
573,574
574,1008
574,128
574,573
581,564
647,1061
647,28
647,30
647,38
647,494
647,592
647,71
647,714
647,761
651,618
651,671
651,699
666,617
666,714
666,718
666,766
668,358
668,389
668,617
668,666
668,714
668,718
668,766
668,943
671,618
671,651
671,699
681,627
681,707
685,705
685,731
685,749
697,742
699,618
699,651
699,671
702,625
705,685
705,731
705,749
712,334
712,640
717,407
717,669
718,617
718,666
718,714
718,766
728,706
731,685
731,705
731,749
734,334
734,640
734,712
738,754
738,758
738,762
738,796
748,1014
748,1162
748,132
748,1393
748,350
748,366
748,408
748,423
748,440
748,688
748,745
748,778
748,896
749,685
749,705
749,731
754,738
754,758
754,762
754,796
761,38
761,592
761,71
762,796
766,617
777,706
778,745
79,1019
79,102
79,1034
79,889
796,762
798,193
80,1094
803,1048
803,497
813,1027
813,1029
813,1032
813,1036
813,1094
813,1182
813,1399
813,175
813,407
813,459
813,490
813,615
813,669
813,717
813,80
813,814
813,908
813,935
813,937
813,965
813,970
813,990
814,1027
814,1029
814,1032
814,1036
814,1094
814,1182
814,1399
814,175
814,407
814,459
814,490
814,615
814,669
814,717
814,80
814,813
814,908
814,935
814,937
814,965
814,970
814,990
815,1080
815,1182
815,1399
815,175
815,669
815,818
820,469
820,570
844,867
844,886
844,996
854,1061
854,202
854,213
854,28
854,30
854,359
854,38
854,388
854,494
854,592
854,647
854,71
854,714
854,761
854,985
867,886
87,102
87,915
87,96
886,867
889,1019
889,1034
894,1012
894,1081
894,109
894,1092
894,1137
894,1225
894,1383
894,1399
894,334
894,420
894,459
894,640
894,707
894,712
894,734
894,818
894,833
894,880
894,926
894,941
909,903
917,903
917,909
917,943
939,903
939,930
96,102
96,87
96,915
960,1019
960,1034
960,1064
960,1384
960,177
960,250
960,281
960,426
960,889
991,407
991,615
991,908
991,990
